{"alt_offset": 0.69677734375, "az_offset": -13.9141845703125, "update_rate": 1.0}